
INSERT INTO memoriaram (id, cantidad) VALUES
(0, 6),
(1, 8),
(2, 12),
(3, 16);

--
-- Volcado de datos para la tabla 'pedidos'
--

INSERT INTO pedidos (id, preciototal, usuario_id, listaproductos) VALUES
(44, 650, 'user', '/3unidades GEFORCE GTX TITAN Z,/2unidades GEFORCE GTX 760\r\n,'),
(45, 100, 'user', '/1unidad GEFORCE GTX 760\r\n,'),
(46, 927, 'user', '/    ,'),
(47, 100, 'user', '/1unidad GEFORCE GTX 760\r\n,'),
(48, 769, 'user', '/1unidad Nvidia GPU GeForce GTX 770 ,/1unidad GEFORCE GTX 760\r\n,/1unidad GEFORCE GTX TITAN Z,/1unidad GEFORCE GTX 750\r\n,/1unidad GEFORCE GTX TITAN BLACK\r\n,'),
(51, 225, 'user', '/3unidades GEFORCE GTX 760\r\n,'),
(52, 225, 'user', '/3unidades GEFORCE GTX 760\r\n,'),
(53, 600, 'user', '/4unidades GEFORCE GTX 770\r\n,'),
(54, 900, 'user', '/4unidades GEFORCE GTX 760\r\n,/4unidades GEFORCE GTX 770\r\n,'),
(55, 150, 'admin', '/2unidades GEFORCE GTX 760\r\n,'),
(56, 450, 'admin', '/3unidades GEFORCE GTX 770\r\n,'),
(57, 750, 'admin', '/4unidades GEFORCE GTX 760\r\n,/3unidades GEFORCE GTX 770\r\n,'),
(58, 825, 'admin', '/4unidades GEFORCE GTX 770\r\n,/3unidades GEFORCE GTX 760\r\n,'),
(59, 600, 'admin', '/4unidades GEFORCE GTX 760\r\n,/2unidades GEFORCE GTX 770\r\n,'),
(60, 600, 'admin', '/3unidades GEFORCE GTX 770\r\n,/2unidades GEFORCE GTX 760\r\n,'),
(61, 675, 'admin', '/3unidades GEFORCE GTX 770\r\n,/3unidades GEFORCE GTX 760\r\n,'),
(62, 825, 'admin', '/4unidades GEFORCE GTX 770\r\n,/3unidades GEFORCE GTX 760\r\n,');

--
-- Volcado de datos para la tabla 'procesador'
--

INSERT INTO procesador (id, nombre, nota) VALUES
(1, 'Intel CPU Core i7 3770 3,4 GHz ', 75),
(2, 'Intel Core i5-2500K', 60),
(3, 'Intel Core i7-6700K', 80),
(4, ' Intel Core i5', 60),
(6, 'Intel Core i7-4770 3.4GHz o superior', 75),
(9, 'Intel Core i7 2600 3.4 GHz', 60),
(16, 'Pentium 4', 40),
(17, 'Intel Core i7-3770 ', 70),
(20, 'Intel Core i7 4790K', 78);

--
-- Volcado de datos para la tabla 'productos'
--

INSERT INTO productos (id, caracteristicas, imagen, informacion, nombre, precio, tipo) VALUES
(1, 'Núcleos CUDA:	1536\r\nFrecuencia de reloj normal (MHz):1046\r\nFrecuencia acelerada (MHz):1085\r\nTasa de relleno de texturas (miles de millones/s):134', 'https://www.nvidia.es/gtx-700-graphics-cards/static/img/cards/gtx-770.jpg', 'La GeForce GTX 770 es una potente tarjeta grafica de última generación especialmente diseñada para proporcionar alta velocidad de juego con gran fluidez de imagen.', 'GEFORCE GTX 770\r\n', 179.9, 'Tarjeta'),
(2, 'Núcleos CUDA:1152,\r\nFrecuencia de reloj normal (MHz):980,\r\nFrecuencia acelerada (MHz):1033,\r\nTasa de relleno de texturas (miles de millones/s):94.1', 'https://www.nvidia.es/gtx-700-graphics-cards/static/img/cards/gtx-760.jpg', 'La nueva GeForce GTX 760 es una tarjeta gráfica potente y de altas prestaciones provista de tecnologías de juego innovadoras que te darán ese rendimiento que te falta para jugar a los títulos más recientes y de mayor carga gráfica para PC.', 'GEFORCE GTX 760\r\n', 150.5, 'Tarjeta'),
(3, 'Núcleos NVIDIA® CUDA®	5760\r\nFrecuencia de reloj normal (MHz)	705\r\nFrecuencia acelerada (MHz)	876\r\nTasa de relleno de texturas (miles de millones/s)	338', 'https://www.nvidia.es/gtx-700-graphics-cards/static/img/cards/gtx-titan-z.jpg', 'La GeForce® GTX TITAN Z es un monstruo del juego extremo, la tarjeta gráfica más rápida que hemos creado jamás, hecha para servir de motor a los PC de gaming más potentes del planeta. Armada con 5760 núcleos y 12 GB de memoria, esta GPU doble te proporciona la potencia necesaria para manejar configuraciones multimonitor increíbles en máquinas de juego bestiales a megarresoluciones 4k.', 'GEFORCE GTX TITAN Z\r\n', 2477.58, 'Tarjeta'),
(4, 'Núcleos CUDA	2304\r\nFrecuencia de reloj normal (MHz)	863\r\nFrecuencia acelerada (MHz)	900\r\nTasa de relleno de texturas (miles de millones/s)', 'https://www.nvidia.es/gtx-700-graphics-cards/static/img/cards/gtx-780.jpg', 'La GeForce GTX 780 representa un enorme salto en el rendimiento de juego y ofrece una experiencia alucinantemente rápida, fluida y silenciosa... cada vez.', 'GEFORCE GTX 780\r\n', 479, 'Tarjeta'),
(5, 'Núcleos CUDA	2880\r\nFrecuencia de reloj normal (MHz)	875\r\nFrecuencia acelerada (MHz)	928\r\nTasa de relleno de texturas (GigaTexels/s)', 'https://www.nvidia.es/gtx-700-graphics-cards/static/img/cards/gtx-780ti.jpg', 'La nueva GeForce GTX 780 Ti es la tarjeta gráfica de GPU sencilla más rápida jamás creada por NVIDIA. Incorpora la increíble cifra de 2880 núcleos CUDA que multiplican la aceleración sin renunciar a la eficiencia energética, ni aumentar el ruido o las emisiones de calor.', 'GEFORCE GTX 780 TI\r\n', 590, 'Tarjeta'),
(6, 'Núcleos CUDA:1152\r\nFrecuencia de reloj normal (MHz):980\r\nFrecuencia acelerada (MHz):1033\r\nTasa de relleno de texturas (miles de millones/s):94.1', 'https://www.nvidia.es/gtx-700-graphics-cards/static/img/cards/gtx-760.jpg', 'La nueva GeForce GTX 760 es una tarjeta gráfica potente y de altas prestaciones provista de tecnologías de juego innovadoras que te darán ese rendimiento que te falta para jugar a los títulos más recientes y de mayor carga gráfica para PC.', 'GEFORCE GTX 760\r\n', 219, 'Tarjeta'),
(7, 'Un botón deslizante de acero ajustable y suaves almohadillas proporcionarán comodidad para esas largas noches de juego\r\nLos controladores direccionales de 40 mm de Cloud Stinger Core y su diseño de casco cerrado te ayudarán a evitar las distracciones\r\nCloud Stinger Core es compatible con varias consolas y tiene controles de audio cómodos directamente en el cable\r\nLas almohadillas suaves que proporcionan un ajuste cómodo y el micrófono flexible que puede colocarse justo como quieras', 'https://images-na.ssl-images-amazon.com/images/I/71sVnMYkpfL._AC_SL1500_.jpg', 'Estos auriculares proporcionan todos los aspectos básicos que quieren los jugadores para sus auriculares.', 'Cascos HyperX HX-HSCSC-BK', 29.99, 'Cascos'),
(9, 'Tecnología de conectividad: Alámbrico\r\nSalida XLR: 1\r\nTipo: Micrófono de estudio\r\nSensibilidad de micrófono: 16 dB\r\nFrecuencia de micrófono: 20 - 20000 Hz\r\nMicrófono, impedancia de salida: 1000 Ohms\r\nTipo de dirección de micrófono: Unidireccional/Cardioide\r\nSoporte para micrófono: Si', 'https://thumb.pccomponentes.com/w-530-530/articles/21/219144/a18.jpg', 'El MMICKIT cuenta con un diseño con acabado en negro para todos los accesorios del kit, perfecto para encajar en cualquier setup y ofrecer un look totalmente profesional. .', 'Mars Gaming MMICKIT Micrófono Condensador + Accesorios', 49.99, 'Micrófono'),
(12, 'Núcleo CUDA 1280\r\nFrecuencia de la Memoria 8208 MHz\r\nInterfaz de Memoria 192 bits\r\nResolución Max. resolución digital: 7680 x 4320', 'https://thumb.pccomponentes.com/w-530-530/articles/10/103703/asus-rog-strix-gtx-1060-gaming-oc-6gb-gddr5.jpg', 'Con un gran elenco de novedosas tecnologías, la GTX 1060 se convierte en la puerta de entrada a la realidad virtual y a los gráficos en alta definición. Entre todas ellas destaca la tecnología Pascal utilizada para fabricar la GPU bajo una nueva arquitectura más óptima en todos los aspectos y de la que hablaremos más abajo.', 'NVIDIA GEFORCE GTX 1060', 314.3, 'Tarjeta'),
(14, 'Procesador Quad-Core a 3.4 GHz y frecuencia turbo máxima de 3.9 GHz\r\nMemoria cache de 8 MB y memoria RAM suportada DDR3 1333/1600\r\nMemoria máxima de ancho de banda de 25.6 GB/s\r\nGráfico de procesador: Intel HD Graphics 4000 a 650 MHz', 'https://images-na.ssl-images-amazon.com/images/I/41eTqry0v9L._AC_.jpg', 'es a día de hoy uno de los microprocesadores más potentes del mercado, y con el uso de transistores Tri-gate en 22 nanómetros lo convierten en muy interesante. ', 'Intel Core i7-3770', 365, 'Procesador');

--
-- Volcado de datos para la tabla 'sistema_operativo'
--

INSERT INTO sistemaoperativo (id, nombre, nota) VALUES
(0, 'Windows 7', 5),
(1, 'Windows 8', 8);

--
-- Volcado de datos para la tabla 'tarjeta_video'
--

INSERT INTO tarjetavideo (id, nombre, nota, imagen, informacion) VALUES
(2, ' Nvidia GPU GeForce GTX 770', 85, NULL, NULL),
(3, 'AMD GPU Radeon R9 290', 85, NULL, NULL),
(4, 'NVIDIA GeForce GTX 970', 70, NULL, NULL),
(6, 'AMD Radeon RX 570', 70, NULL, NULL),
(7, 'NVIDIA GeForce GTX 1060 ', 95, NULL, NULL),
(8, 'GeForce GTX 560', 60, NULL, NULL),
(10, 'NVIDIA GeForce GTX 960', 68, NULL, NULL),
(11, 'NVIDIA GeForce® GTX 750', 65, NULL, NULL),
(15, 'NVIDIA GTX 650', 62, NULL, NULL),
(18, 'NVIDIA GTX 960', 67, NULL, NULL);

--
-- Volcado de datos para la tabla 'user_entity'
--

INSERT INTO userentity (id, email, password, passwordsinencriptar) VALUES
('admin', NULL, '$2a$10$824ToAVPeX4lPg2fyWK7i.3YdrwYJqZX1f/.wqf460/lbywMvkFSm', 'admin'),
('ivan', 'ivan@gmail.com', '$2a$10$KOPZa.Znfda09ExBXyIwA.E4Z0.aGHTO/C2RMF6Kms8QUnQz0WPD6', 'pase2'),
('ivan2', 'ivan2@gmail.com', '$2a$10$wxm3.D0cCs.nIqiJldGwJ.8dcor1Q9mjkhRHVA2IqPOQzTOetw5Bm', 'ivan2'),
('marina', 'marinaenana@gmail.com', '$2a$10$9j6q4Nt8eFHXRfOqwJPNqOdJrRomzQqA2u3on1tdRDgkEgVGYVpOC', 'pase2'),
('user', NULL, '$2a$10$4fIPJ8OG1HEtAKnqNKyN9u/KVAOQWD.KNE3cd/FxC7GDFc5GrGQoi', 'user');

--
-- Volcado de datos para la tabla 'user_entity_roles'
--

INSERT INTO userentity_roles (user_entity_id, roles) VALUES
('admin', 'ADMIN'),
('user', 'USER'),
('ivan', 'USER'),
('ivan2', 'USER'),
('ivan3', 'USER'),
('ivan55', 'USER'),
('dsadad', 'USER'),
('ivan222', 'USER'),
('ivan222222', 'USER'),
('sdasda', 'USER'),
('ivannuevo', 'USER'),
('ivan2', 'USER'),
('authenticatedUser', 'USER'),
('Introduce otro nombre de usuario', 'USER'),
('Introduce otro nombre de usuario', 'USER'),
('dasdas', 'USER'),
('ivan2', 'USER'),
('ivan22', 'USER'),
('ivan22222', 'USER'),
('ivan2222', 'USER'),
('ivan222', 'USER'),
('ivan222222', 'USER'),
('ivan50', 'USER'),
('ivan222222222222', 'USER'),
('ivan30000', 'USER'),
('ivan500000', 'USER'),
('ivan5000000000', 'USER'),
('ivan500000000000000000', 'USER'),
('ivan22222222', 'USER'),
('ivan33333', 'USER'),
('ivan5555', 'USER'),
('ivna', 'USER'),
('ivan6000', 'USER'),
('ivan30000000', 'USER'),
('ivan12213123123', 'USER'),
('ivan332323232', 'USER'),
('Selecciona otro nombre de usuario', 'USER'),
('Selecciona otro nombre de usuario', 'USER'),
('ivan21231231', 'USER'),
('ivan542', 'USER'),
('ivannuevo', 'USER'),
('admin', 'ADMIN'),
('user', 'USER'),
('ivan', 'USER'),
('ivan2', 'USER'),
('marina', 'USER');

--
-- Volcado de datos para la tabla 'videojuegos'
--

INSERT INTO videojuegos (id, desarrollador, duracion, editor, fechasalida, genero, idioma, imagen, informacion, njugadores, nombre, nota, precio) VALUES
(1, 'Valve', '15 horas', 'Valve', '23 de marzo de 2020', 'Otros, Primera persona (FPS), Realidad Virtual, Shooter (Distopía, Aliens y Ciencia ficción)', 'Textos en español y voces en inglés', 'https://as.com/meristation/imagenes/2020/01/23/noticias/1579761343_473648_1579761506_noticia_normal.jpg', 'Half-Life: Alyx es el largamente rumoreado videojuego de la saga Half-Life para dispositivos de realidad virtual. Un título del que llevábamos ya cierto tiempo hablando y que ahora se confirma con la coprotagonista de Half-Life 2, la propia Alyx, apartándose del rol secundario de acompañamiento para Gordon Freeman y protagonizando esta vez su propio videojuego.\r\n\r\nEl título es un lanzamiento exclusivo para realidad virtual, y es definido como \"el juego de bandera\" del dispositivo Valve Index de Valve, creadores de la propia saga Half-Life.', '1', 'Half-Life: Alyx', 10, '49,99 €'),
(2, 'RockStar Games', '50-60 (mínimo)', 'Take 2', '5 de noviembre de 2019', 'Acción, Acción y aventura (Caballos y Western)', 'Textos en español y voces en inglés', 'https://i.blogs.es/45e357/rdr_xbox_1920x1080-wire/1366_2000.jpg', 'Red Dead Redemption 2 es un videojuego de mundo abierto ambientado en el corazón de América en el año 1899 y desarrollado por Rockstar, creadores de GTA V y Red Dead Redemption entre otros premiados títulos de perfil sandbox. La historia de Arthur Morgan, (no Nate Harlow héroe de Red Dead Revolver, ni tampoco John Marston, el protagonista del Redemption original) es una aventura western con una extraordinaria atmósfera y ambientación muy cuidada y centrada en la naturaleza que, además de modo individual de juego, también presenta multijugador centrado en seguir la senda de GTA Online.', '1 (Multijugador en Red Dead Online)', 'Red Dead Redemption 2', 9, '69,99 €'),
(3, 'P-Studio', '90-120 horas', 'Atlus', '31 de marzo de 2020', 'Rol, Combate por turnos (Manga)', 'Textos en español, inglés, francés, alemán, italiano y voces en inglés y japonés', 'https://d2skuhm0vrry40.cloudfront.net/2019/articles/2019-12-03-15-53/-1575388424695.jpg/EG11/thumbnail/750x422/format/jpg/quality/60', 'Persona 5: Royal es la nueva versión del JRPG de Atlus de 2016, una aventura que nos pone al mando de los Ladrones Fantasma de Corazones, un grupo de héroes inadaptados, que se adentran en el Metaverso para robar los deseos distorsionados de la gente, y curar a una sociedad moderna corrompida.\r\n\r\nUna edición definitiva cargada de contenido, con dos personajes nuevos y un capítulo adicional de la trama que amplían la aventura con más horas, así como nuevas mecánicas de juego, nuevas ubicaciones con actividades, y multitud de mejoras en aspectos como la exploración, el combate y el día a día de nuestro personaje.\r\n\r\n', 'Jugadores: 1 Red: 1', 'Persona 5: Royal', 9.5, 'Cómpralo por solo 54,95 €'),
(4, 'Platinum Games', '18-20 horas (mínimo)', 'Nintendo', '30 de agosto de 2019', 'Acción, Acción y aventura, Hack and Slash (Ciencia ficción, Mechas y Robots y Cyberpunk)', 'Textos en español y voces en inglés y japonés', 'https://cdn02.nintendo-europe.com/media/images/11_square_images/games_18/nintendo_switch_5/SQ_NSwitch_AstralChain_image950w.jpg', 'Astral Chain es un juego de acción de Platinum Games dirigido por Takahisa Taura y supervisado por Hideki Kamiya, que invita a los jugadores a formar parte de las fuerzas especiales de la policía de una ciudad futurista y multicultural. Deberán aunar fuerzas con un arma especial viviente llamada \"Legion\" a través de un sistema sinérgico de combate y exploración. Astral Chain es un juego exclusivo para Nintendo Switch cuyo lanzamiento está fijado el 30 de agosto.', '1-2 (Cooperativo: 2 local)', 'Astral Chain', 8, 'Cómpralo por solo 49,95 €'),
(5, 'Nintendo', 'Incalculable', 'Nintendo', '28 de junio de 2019', 'Acción, Plataformas (Humor y Abstracto)', 'Textos en español', 'https://encrypted-tbn0.gstatic.com/images?q=tbn%3AANd9GcSYK_IS5m9oN9Eq2XrVWPZxV3He6FRY25Ao7NBm4gMqNGrMo-aN&usqp=CAU', 'Super Mario Maker 2 se estrena en Nintendo Switch ofreciendo a los jugadores la posibilidad de crear los niveles de Super Mario con los que siempre han soñado. El juego SMM2 cuenta con más herramientas, objetos y funciones que las vistas en Super Mario Maker.', '1-4 (Competitivo: 2-4 local y online / Cooperativo: 2-4 local y online)', 'Super Mario Maker 2', 7, 'Cómpralo por solo 39,95 €'),
(6, 'Capcom', '30 horas (mínimo)', 'Capcom', '9 de enero de 2020', 'Acción, Acción y aventura (Monstruos, Dragones y Fantasía)', 'Textos en español y voces en español\r\n', 'https://generacionxbox.com/wp-content/uploads/2019/08/Monster-Hunter-World-ceborne-trailer-generacion-xbox.jpg', 'Monster Hunter World amplía su espectacular universo de fantasía con Iceborne, su primera gran expansión de contenidos que nos lleva a explorar nuevas tierras cubiertas por la nieve y el frío invernal. En estos recónditos parajes, los jugadores de MHW Iceborne deben luchar contra nuevos monstruos haciendo uso de más armas y equipo de batalla.', '1-4 (Cooperativo: 2-4 online)', 'Monster Hunter World: Iceborne', 9, '69,99 €'),
(7, '11 bit studios', '25-30 horas', 'Deep Silver', '27 de noviembre de 2018', 'Estrategia, Tiempo real (Bélico, Paramilitares y mercenarios y Guerra moderna)', 'Textos en español y voces en inglés', 'https://i.ytimg.com/vi/Eh6VOZh4UWw/maxresdefault.jpg', 'Sobrevive a las penurias de la guerra en la piel de un civil, que por el día debe velar por la seguridad de su refugio, mientras que por las noches sale al exterior en busca de recursos para mantenerse con vida.', '1', 'This War of Mine', 7, 'Cómpralo por solo 34,95 €'),
(8, 'Motion Twin', '12-15 horas (mínimo)', 'Motion Twin', '17 de agosto de 2018', 'Acción, Plataformas, Acción y aventura (Fantasía, Mazmorras, Magia y Retro)', 'Textos en español y voces en inglés', 'https://onlygames.com.ar/wp-content/uploads/2020/04/Dead-Cells.jpg', 'Dead Cells es un título de acción y plataformas inspirado en Castlevania ubicado en un castillo en constante expansión, asumiendo que el jugador es capaz de continuar su lucha más allá de los guardianes de la fortaleza. El videojuego Dead Cells basa su apuesta en un desafiante sistema de combate 2D de gran intensidad donde no hay segundas oportunidades, una progresión no lineal que desbloquea nuevos caminos con cada muerte, y la presencia de pasadizos ocultos y habitaciones secretas para los exploradores más concienzudos.', '1', 'Dead Cells', 9.5, 'Cómpralo por solo 29,95 €'),
(9, 'Acquire', '60 horas (mínimo)', 'Square Enix', '7 de junio de 2019', 'Rol, Combate por turnos (Fantasía, Magia y Mazmorras)', 'Textos en español y voces en japonés / inglés', 'https://pl4yers.com/wp-content/uploads/2018/06/Octopath-traveler-770x385.jpg', 'Los autores de Bravely Default, dan vida a Octopath Traveler, un JRPG para Nintendo Switch que combina una estética retro con elementos gráficos propios de la actualidad. El videojuego de Square Enix para Switch apuesta por conservar la esencia más tradicional de las aventuras de rol: buena historia (contada a través de ocho personajes), combates de dificultad ajustada que no se resuelven nunca por fuerza bruta, sino encontrando las debilidades de nuestros enemigos, y un inspirado apartado audiovisual.', '1', 'Octopath Traveler', 7.5, '49,49 €'),
(10, 'Mega Crit Games', 'Incalculable', 'Mega Crit Games', '6 de junio de 2019', 'Estrategia, Cartas, Combate por turnos (Fantasía, Magia y Mazmorras)', 'Textos en español\r\n', 'https://steamcdn-a.akamaihd.net/steam/apps/646570/header.jpg?t=1580430702', 'Slay the Spire busca ser el mejor juego de cartas posibles combinando su propuesta con elementos roguelike en el que el jugador ha de construir un mazo único escogiendo entre cientos de cartas, encontrar extrañas criaturas, descubrir reliquias de inmenso poder y tratar de dominar La Ajuja. Slay the Spire es, sencillamente y como te comentamos en su análisis, tu juego de cartas para un jugador, cuando quieras descansar del estrés de las partidas con rango online.\r\n\r\n', '1\r\n', 'Slay the Spire', 8.5, 'Cómpralo por solo 39,95 €');

--
-- Volcado de datos para la tabla 'videojuegospc'
--

INSERT INTO videojuegospc (id, desarrollador, duracion, editor, fechasalida, genero, idioma, imagen, informacion, njugadores, nombre, nota, precio, requisitorecomendado_graficos_id, requisitorecomendado_memoria_id, requisitorecomendado_procesador_id, requisitorecomendado_sistema_id) VALUES
(1, 'CD Projekt RED', '25-30 horas ', 'CD Projekt RED', '31 de mayo de 2016 ', 'Rol, Acción RPG (Fantasía, Mazmorras, Magia y Dragones)', 'extos en español y voces en inglés', 'https://besthqwallpapers.com/Uploads/31-3-2017/14929/thumb2-witcher-3-wild-hunt-2017-poster-new-games.jpg', 'The Witcher 3 es la tercera entrega de la saga The Witcher desarrollada por CD Projekt para PS4, Xbox One y Pc. Se trata de un videojuego que mezcla elementos de aventura, acción y rol en un mundo abierto épico basado en la fantasía. El jugador controlará una vez más a Geralt de Rivia, el afamado cazador de monstruos, (también conocido como el Lobo Blanco) y se enfrentará a un diversificadísimo bestiario y a unos peligros de unas dimensiones nunca vistas hasta el momento en la serie, mientras recorre los reinos del Norte.', '1', 'The Witcher 3: Wild Hunt - Blood and Wine', 9, 'Cómpralo por solo 24,95 €', 2, 1, 1, 0),
(2, 'FromSoftware', '40 horas (mínimo)', 'Activision', '22 de Mayo de 2019', 'Acción, Acción y aventura (Japón Feudal, Fantasía, Ninjas, Samurais y Monstruos)', 'Textos en español y voces en español / japonés', 'https://revistamorcego.com/wp-content/uploads/2019/01/sekiro-shadows-die-twice-2018108103448_1-786x436.jpg', 'Sekiro: Shadows Die Twice es un juego de acción y aventuras en tercera persona con elementos de rol con el inconfundible estilo del estudio responsable de Dark Souls y Bloodborne. Los autores de Dark Souls y Activision parecen recuperar del olvido la mítica serie Tenchu para adentrarnos en el mundo de finales de 1500, la era Sengoku en Japón; un periodo brutal y sangriento en constante conflicto entre la vida y la muerte.', '1', 'Sekiro: Shadows Die Twice', 10, '49.95', 4, 0, 2, 0),
(3, 'id Software', '18-20 horas', 'Bethesda Softworks', '20 de marzo de 2020', 'Acción, Shooter, Primera persona (FPS) (Apocalíptico, Aliens y Ciencia ficción)', 'Textos en español y voces en español', 'https://media.playstation.com/is/image/SCEA/doom-eternal-hero-banner-01-ps4-us-15jul19?$native_nt$', 'DOOM Eternal es la secuela directa del galardonado Doom (2016) desarrollado por id Software, donde se busca ofrecer la mejor combinación de velocidad y potencia de fuego, dando todo un salto adelante en el mundo del combate en primera persona en avance continuo. En DOOM Eternal el jugador debe tomar el papel del Asesino de la Muerte (DOOM Slayer) y regresar para vengarse de las fuerzas del infierno en una entrega donde hay nuevos demonios y clásicos así como armas y habilidades potentes y novedosas. DOOM Eternal nos lleva a luchar por diferentes dimensiones.', '1 (Competitivo: Sí / Cooperativo: No)', 'DOOM Eternal', 8, '39.95', 7, 1, 3, 0),
(4, 'Team Cherry', '30-40 horas', 'Team Cherry', '24 de febrero de 2017', 'Acción, Acción y aventura, Plataformas (Animales y Fantasía)', 'Textos en español', 'https://cdn02.nintendo-europe.com/media/images/10_share_images/games_15/wiiu_download_software_5/H2x1_WiiUDS_HollowKnight_image1600w.jpg', 'Hollow Knight es una vistosa aventura de acción y plataformas en 2D ambientada en un lúgubre mundo de insectos, diseñado como si de una película de animación tradicional se tratase. El videojuego invita a explorar cavernas serpenteantes y ciudades antiquísimas lugar de más de 130 enemigos, incluidos una treintena de jefazos, a los que combatir con extraños poderes. ¿Preparado para forjar tu propio camino? Hollow Knight bien podría definirse como un auténtico juego metroidvania con la esencia Dark Souls... Divertido, épico, emocionante y duro.', '1', 'Hollow Knight', 9, '14.98', 8, 1, 4, 0),
(5, 'Capcom', '10-12 horas', 'Capcom', '8 de marzo de 2019', 'Acción, Hack and Slash, Acción y aventura (Fantasía y Monstruos)', 'Textos en español y voces en inglés/japonés', 'https://asset.msi.com/sam/gamelaunch/180/cover.png', 'Devil May Cry 5 es un juego de acción hack and slash ambientado en la clásica franquicia de Capcom que, manteniendo a Dante como protagonista, introduce nuevos enemigos, jugabilidad y gráficos pero respetando los estándares a los que estamos acostumbrados en la franquicia DMC.\r\n\r\nLa amenaza del poder demoníaco ha vuelto a poner en peligro el mundo una vez más en Devil May Cry 5. La invasión comienza cuando las semillas de un “árbol demoníaco” arraigan en la ciudad de Red Grave. A medida que esta incursión infernal comienza a apoderarse de la ciudad, Nereo, un joven cazador de demonios, llega con su compañera Nico en su caravana “Devil May Cry”. Tras la pérdida de su brazo demoníaco, Nero recluta a la artista de armas Nico para diseñar una variedad de brazos mecánicos únicos \"Devil Braker\" que le puedan otorgar poder adicional para enfrentarse a los demonios malvados como Empusa, la succionadora de sangre voladora, y Goliath, el enemigo colosal gigantesco.', '1-2(Cooperativo: 2 online)', 'Devil May Cry 5', 8, '19.95', 10, 1, 6, 0),
(6, 'Capcom', '12-14 horas (historias combinadas)', 'Capcom', '25 de enero de 2019', 'Acción, Acción y aventura, Survival horror (Terror, Gore, Misterio, Monstruos, Paranormal y Zombies)', 'Textos en español y voces en español', 'https://i.blogs.es/765ccf/1366_2000-4-/1024_2000.jpg', 'Capcom trae de vuelta el clásico Resident Evil 2 con un espectacular remake que saca partido de la tecnología gráfica del fantástico Resident Evil 7. Protagonizado por Leon S. Kennedy y Claire Redfield, esta aventura de terror nos lleva a una Raccoon City invadida pos los muertos vivientes, a los que debemos hacer frente valiéndonos de los escasos recursos de los que disponemos. El videojuego de Capcom reinventa la acción survival horror de este clásico.', '1', 'Resident Evil 2', 9, '19.95', 7, 1, 17, 0),
(7, 'FromSoftware', '35-55 horas', 'Bandai Namco', '12 de abril de 2016', 'Rol, Acción RPG (Fantasía y Monstruos)', '', 'https://livingplaystation.com/wp-content/uploads/2016/04/Dark-Souls-3-Wallpaper-1280x720.jpg', 'Dark Souls 3 es la tercera entrega de la desafiante saga RPG de FromSoftware y Hidetaka Miyazaki. Un videojuego que mezcla y refina todo lo aprendido anteriormente por sus creadores con la saga Souls y Bloodborne para presentar un título más redondo en lo jugable, con buen equilibrio en las \"builds\" de personaje, gran tratamiento del ritmo y la velocidad, combates más dinámicos y vivos, un tratamiento de las armaduras y el equilibrio entre clases mejor llevado que en Dark Souls anteriores, escenarios llenos de secretos y, como no, impresionantes y desafiantes jefes finales, los mejores de todos los Souls.\r\n', '1-6 (Competitivo: Sí, online / Cooperativo: Sí, online)', 'Dark Souls III', 10, '26.95', 11, 1, 9, 0),
(8, 'Crowbar Collective', '5 horas', 'Crowbar Collective', '5 de marzo de 2020 ', 'Acción, Acción y aventura, Primera persona (FPS) (Ciencia ficción)', 'Textos en español y voces en inglés', 'https://areajugones.sport.es/wp-content/uploads/2015/05/black-mesa.jpg', 'Black Mesa es un remake del Half Life original desarrollado por un grupo de aficionados empleando el motor gráfico Source de Valve. Entre las más suculentas novedades de Black Mesa (que es gratis) se cuenta un modo cooperativo gracias al cual podremos superar el memorable modo historia del Half-Life original acompañados.', '1 (Multijugador)', 'Black Mesa', 8, '17.99', 15, 0, 16, 0),
(9, 'DICE', 'Campaña 6-7 horas + Multijugador', 'EA', '21 de octubre de 2016', 'Acción, Primera persona (FPS) (Bélico y Primera Guerra Mundial)', 'Textos en español y voces en español', 'https://dice-wp-prd.s3.amazonaws.com/wp-content/uploads/2016/05/06204818/unnamed1.jpg', 'Battlefield 1 supone el retorno a las raíces de esta veterana serie de videojuegos de acción bélica, trasladando el conflicto a los campos de batalla de la Primera Guerra Mundial, en los que podemos pilotar una amplia variedad de vehículos terrestres, marinos y aéreos; aparte de usar también un vasto arsenal de armas de fuego.', '1-64 (Competitivo: Sí, online)', 'Battlefield 1', 9, '19.99', 7, 3, 20, 0),
(10, 'Lizardcube', '2 horas', 'SEGA', '30 de abril de 2020', 'Acción, Beatem up', 'Textos en castellano y voces en inglés', 'https://i.blogs.es/1ffc94/020119-sor4/1366_2000.jpeg', 'Streets of Rage ha regresado. El mítico videojuego de Mega Drive suma una cuarta entrega desarrollada por Guard Crush Games y DotEmu, creadores de Wonder Boy: The Dragon’s Trap. Streets of Rage 4 es un videojuego que emula la jugabilidad de la trilogía clásica con los avances de la actualidad en lo técnico, jugable y sonoro. Doce niveles en los que demuestra, de nuevo, por qué era un referente en el territorio del beat’em up doméstico en los años noventa y lo hace con un cariño y respeto por los capítulos originales que es una auténtica delicia para nuevos y antiguos jugadores de la saga.\r\n', '1-4 (Competitivo: Local y Online / Cooperativo: Local y Online', 'Streets of Rage 4', 9, '24.99', 18, 1, 4, 0);

--
-- Volcado de datos para la tabla 'videojuegosps4'
--

INSERT INTO videojuegosps4 (id, desarrollador, duracion, editor, fechasalida, genero, idioma, imagen, informacion, njugadores, nombre, nota, precio) VALUES
(1, 'RockStar Games', '50-60 horas (mínimo)', 'Take 2', '26 de octubre de 2018', 'Acción, Acción y aventura (Caballos y Western)', 'Textos en español y voces en inglés', 'https://encrypted-tbn0.gstatic.com/images?q=tbn%3AANd9GcR-aSWbasZr7h0Jok79TH7PAVs491r6IeUATdnK1FOjAHdiV-6s&usqp=CAU', 'Red Dead Redemption 2 es un videojuego de mundo abierto ambientado en el corazón de América en el año 1899 y desarrollado por Rockstar, creadores de GTA V y Red Dead Redemption entre otros premiados títulos de perfil sandbox. La historia de Arthur Morgan, (no Nate Harlow héroe de Red Dead Revolver, ni tampoco John Marston, el protagonista del Redemption original) es una aventura western con una extraordinaria atmósfera y ambientación muy cuidada y centrada en la naturaleza que, además de modo individual de juego, también presenta multijugador centrado en seguir la senda de GTA Online.', '1 (Multijugador en Red Dead Online)', 'Red Dead Redemption 2', 9, '26.95 €'),
(2, 'Kojima Productions', '40 horas (mínimo)', 'Konami\r\n', '1 de septiembre de 2015', 'Acción, Acción táctica, Acción y aventura (Guerra futurista, Soldados y Fuerzas Especiales, Ciencia ficción y Mechas y Robots)', 'Textos en español y voces en inglés', 'https://http2.mlstatic.com/metal-gear-solid-v-the-phantom-pain-juegos-pc-D_NQ_NP_759270-MLM30051841753_042019-O.jpg', 'Metal Gear Solid 5 es la última aventura de Snake bajo las órdenes de Hideo Kojima. Tras la controvertida salida de éste de Konami, se cuenta entre los episodios más arriesgados y potentes de la franquicia de espionaje, ciencia ficción y, ahora, también mundo abierto. Acompañado por personajes como Quiet, Ocelot o el ya entrañable perro, el modo historia de MGS 5 nos permite escoger quién deseamos que nos acompañe en sus distintas misiones, puesto que cada uno de los personajes tiene sus habilidades propias.', '1-16 (Competitivo: Sí (Metal Gear Online))', 'Metal Gear Solid 5', 9, '26.95 €'),
(3, 'P-Studio', '90-120 horas', 'Atlus', '31 de marzo de 2020', 'Rol, Combate por turnos (Manga)', 'Textos en español, inglés, francés, alemán, italiano y voces en inglés y japonés', 'https://d2skuhm0vrry40.cloudfront.net/2019/articles/2019-12-03-15-53/-1575388424695.jpg/EG11/thumbnail/750x422/format/jpg/quality/60', 'Persona 5: Royal es la nueva versión del JRPG de Atlus de 2016, una aventura que nos pone al mando de los Ladrones Fantasma de Corazones, un grupo de héroes inadaptados, que se adentran en el Metaverso para robar los deseos distorsionados de la gente, y curar a una sociedad moderna corrompida.\r\nUna edición definitiva cargada de contenido, con dos personajes nuevos y un capítulo adicional de la trama que amplían la aventura con más horas, así como nuevas mecánicas de juego, nuevas ubicaciones con actividades, y multitud de mejoras en aspectos como la exploración, el combate y el día a día de nuestro personaje.', 'Jugadores: 1 Red: 1', 'Persona 5: Royal', 9, '54.95 €'),
(4, 'Square Enix', '60-80 horas (mínimo)', 'Square Enix', '2 de julio de 2019', 'Rol, Multijugador Online Masivo (Magia, Dragones, Fantasía y Mazmorras)', 'Textos en inglés y voces en inglés / japonés', 'https://generacionxbox.com/wp-content/uploads/2019/05/Final-Fantasy-XIV-940x529.jpg.webp', 'El mundo de Final Fantasy XIV se expande con Shadowbringers, un episodio en este MMORPG que nos permite explorar nuevas regiones mientras disfrutamos de las habilidades de una nueva raza. Más misiones, enemigos y épicos combates te esperan en esta aventura de rol online de Square Enix.', 'Masivo online (Competitivo: Sí online / Cooperativo: Sí online)', 'Final Fantasy XIV Online - Shadowbringers', 9, '39.95 €'),
(5, 'Naughty Dog', '16-18 horas (mínimo) + multijugador ', 'Sony', '10 de mayo de 2016', 'Acción, Acción y aventura, Shooter (Moderno)', 'Textos en español y voces en español', 'https://i.blogs.es/09a281/uncharted400/1366_2000.jpg', 'Uncharted 4: El Desenlace del Ladrón es un juego exclusivo de PS4 creado por Naughty Dog, y editado por Sony Interactive Entertainment. Un videojuego que viene a cerrar las aventuras del conocido buscador de tesoros tan conocido en consolas PlayStation. El título es una aventura de acción y exploración en tercera persona protagonizada por Nathan Drake, que en esta entrega de la saga se plantea un dilema existencial tras todas las hazañas vividas en los anteriores videojuegos. De hecho ahondamos en el pasado del héroe, puesto que a lo largo de la campaña conocemos a su hermano Sam Drake, una de las grandes novedades y un punto de mucha importancia a la hora de ahondar en la fascinante génesis de este auténtico Indiana Jones de las videoconsolas.', '1-10 (Competitivo: 2-10 online / Cooperativo: 1-3 online)', 'Uncharted 4: A Thiefs End', 9, '14.95 €'),
(6, 'Sony Santa Monica', '20-25 horas (mínimo)', 'Sony', '20 de abril de 2018', 'Acción, Acción y aventura, Hack and Slash (Fantasía y Antigua Grecia)', 'Textos en español y voces en español', 'https://www.desconsolados.com/wp-content/uploads/2018/05/GOW-OG-image.jpg', 'Vídeojuego de la saga God of War que responde al escueto nombre de God of War, y que traslada su fórmula jugable desde la antigua Grecia de las aventuras de Kratos a una ambientación nórdica de lo más llamativa donde retorna su carismático protagonista en una historia de padre e hijo que promete recuperar una parte de la humanidad perdida del espartano gracias a la presencia de su vástago, de nombre Atreus, y que es parte capital de la campaña individual, como siempre, punto fundamental del atractivo de esta legendaria serie de hack and slash con contextos mitológicos tras de sí. De hecho, y tras el experimento del on-line de God of War Ascension, desde Sony se ha garantizado que en esta entrega no habrá elemento multijugador.', '1', 'God of War', 9, '19.99 €'),
(7, 'Platinum Games', '10 horas (mínimo) + Secundarias y distintos finales', 'Square Enix', '7 de marzo de 2017', 'Acción, Acción y aventura, Hack and Slash (Mechas y Robots, Anime y Fantasía)', 'Textos en español y voces en inglés / japonés', 'https://c4.wallpaperflare.com/wallpaper/391/313/294/nier-automata-2b-nier-fireworks-wallpaper-preview.jpg', 'NieR: Automata (secuela del NieR original de 2010, que a su vez era un spin-off de la saga Drakengard) es un intenso videojuego RPG de acción con abundante exploración, plataformas y un destacado sentido de la verticalidad, desarrollado por Platinum Games y Square Enix. ¿El objetivo de la aventura? En la sintética piel del androide 2B nos embarcamos en una arriesgada misión por recuperar el hogar de la humanidad. ¿Qué funciones tiene nuestro protagonista? Se trata del androide de combate más avanzado jamás construido, uno capaz de desarrollar devastadores unas secuencias combos rápidos y hábiles ataques. Características que brillan de la mano de las mecánicas de combate ideadas por un equipo tan talentoso como el que nos ocupa, y que ha sido capaz de crear joyas como Bayonetta, Mad World o Vanquish.\r\n', '1', 'NieR: Automata', 9, '19.99'),
(8, 'Quantic Dream', '8-10 horas (mínimo)', 'Sony', '25 de mayo de 2018', 'Aventura, Aventura interactiva (Ciencia ficción, Cyberpunk, Distopía y Misterio)', 'Textos en español y voces en español', 'https://hardzone.es/app/uploads-hardzone.es/2019/11/Detroit-Become-Human.jpg', 'Detroit: Become Human es un videojuego de los creadores de Heavy Rain y Beyond: Dos Almas. En el título de Quantic Dream y David Cage, exclusivo para PlayStation 4, el jugador controla a Connor y Kara para vivir una aventura de ciencia ficción en la que la tecnología y las elecciones son las protagonistas.\r\n\r\nDetroit: Become Human sitúa al jugador en la ciudad de Detroit en el año 2038, un futuro distópico donde el tejido industrial ha tomado impulso gracias a la introducción de los androides. Los androides han comenzado a comportarse como si realmente estuvieran vivos, y en este momento como jugadores tomaremos el control de Kara, Connor y Markus, tres androides cuyas decisiones determinarán el destino tanto de los androides como el de la Humanidad.', '1', 'Detroit: Become Human', 9, '34,95 €'),
(9, 'Insomniac Games', '16-18 horas (mínimo)', 'Sony', '7 de septiembre de 2018', 'Acción, Acción y aventura (Cómic, Superhéroes, Moderno y Superhéroes Marvel)', 'Textos en español y voces en español', 'https://e00-elmundo.uecdn.es/assets/multimedia/imagenes/2018/09/10/15365687263075.jpg', 'Spiderman protagoniza este videojuego de acción desarrollado por Insomniac Games, los autores de Resistance y Ratchet & Clank entre otros, en exclusiva para PS4. La historia de esta aventura es totalmente original y nos pone en el rol de un Peter Parker experimentado y maduro que debe lidiar con los problemas que suponen el tener que salvar Manhattan de los peores criminales o villanos y compatibilizarlo con su vida personal. De hecho, el trepamuros de Marvel se enfrenta a varios de sus peores enemigos, poniendo a pruebas las habilidades del alter-ego más acrobático de Parker.', '1', 'Spider-Man', 9, '44,95 €'),
(10, 'Square Enix', '30-35 horas', 'Square Enix', '10 de abril de 2020', 'Rol, Combate por turnos (Cyberpunk y Fantasía)', 'Textos en español y voces en inglés', 'https://images7.alphacoders.com/928/928770.jpg', 'Final Fantasy VII Remake es la reimaginación de la obra clásica de Square Soft de 1998. Tras más de veinte años de espera, el ansiado remake llega en distintas partes, con esta primera comprendiendo el arco de Midgar y expandiendo los eventos que ahí se producen en la aventura original. Cloud, un ex-miembro de SOLDADO, se une al grupo ecoterrorista de Avalancha con el fin de detonar una bomba en el corazón del reactor Mako de Shinra, un extractor de la energía vital del planeta utilizado en pos del progreso y la tecnología.', '1', 'Final Fantasy VII Remake', 9, '59.95 €');

--
-- Volcado de datos para la tabla 'videojuegosxone'
--

INSERT INTO videojuegosxone (id, desarrollador, duracion, editor, fechasalida, genero, idioma, imagen, informacion, njugadores, nombre, nota, precio) VALUES
(1, 'Playground Games', 'Incalculable', 'Microsoft', '2 de octubre de 2018', 'Conducción, Arcade', 'Textos en español y voces en inglés', 'https://i.blogs.es/04f504/120718-fh4-tlqns/840_560.jpg', 'Forza Horizon 4 continúa explorando el lado más arcade de la saga Forza Motorsport con un nuevo y bellísimo videojuego de conducción que tiene por identidad un estilo menos cercano a la simulación que el de la franquicia de Turn 10. Esta vez, Playground Games lleva al usuario con Forza Horizon 4 a recorrer una hermosa Gran Bretaña histórica en un mundo abierto compartido donde el usuario podrá coleccionar, modificar y manejar más de 450 coches.\r\n', '1-12 (Competitivo: 2-12 online / Cooperativo: 2-12 online)', 'Forza Horizon 4', 9, '59,95 €'),
(2, 'Matt Makes Games', '6-12 horas', 'Matt Makes Games', '25 de enero de 2018', 'Acción, Plataformas (Fantasía y Fantasmas)', 'Textos en español', 'https://img.vidaopantalla.es/2018/12/celeste.jpg', 'El creador de TowerFall Ascension presenta Celeste, una aventura de plataformas de estilo retro que, inspirado en los clásicos de la era de los 16 bits, nos propone escalar una gigantesca y peligrosa montaña. En el videojuego Celeste hay más de 250 niveles con ambientaciones tan dispares como ruinas ancestrales, ciudades abandonadas, acantilados o hasta un complejo turístico asolado por los fantasmas.\r\n', '1', 'Celeste', 8, '19,99 €'),
(3, 'RockStar Games', '35-80 horas + multijugado', 'RockStar Games', '18 de noviembre de 2014', 'Acción, Acción y aventura, Shooter (Policíaco y Thriller y Mafia)', 'Textos en español y voces en inglés', 'https://img.utdstc.com/screen/1/grand-theft-auto-v-wallpaper-1.jpg:300', 'GTA 5 es la quinta entrega de la exitosa saga de videojuegos sandbox desarrollada por Rockstar Games, Grand Theft Auto. Con millones de ventas a sus espaldas y uno de los mundos abiertos más ricos hasta la fecha, Grand Theft Auto V transporta al jugador a Los Santos, una extensa y soleada metrópolis en declive que lucha por mantenerse a flote en una era de incertidumbre económica y realities baratos que referencia de una forma paródica a la Los Ángeles de nuestro tiempo.', '1-30 (Competitivo: GTA online / Cooperativo: GTA online)', 'Grand Theft Auto V', 9, '19,99 €'),
(4, 'Bethesda Softworks', '30-40 horas (mínimo)', 'Bethesda Softworks', '10 de noviembre de 2015', 'Rol, Acción RPG (Perros, Ciencia ficción y Apocalíptico)', 'Textos en español y voces en español', 'https://cdn.hipwallpaper.com/i/99/73/h2TJSW.jpg', 'Fallout 4 es la cuarta entrega de saga de rol y acción post-apocalíptica en mundo abierto de Bethesda Game Studios, el galardonado creador de Fallout 3 y The Elder Scrolls V: Skyrim. El título es un sandbox de acción y rol con cientos de horas de juego en un mundo devastado por la guerra nuclear, que nos convierte en la única persona con vida en el Refugio 11. Cada segundo es una lucha por la supervivencia y cada decisión es importante, siendo nuestra misión iniciar la reconstrucción del yermo y decidir su futuro.', '1', 'Fallout 4', 9, '17,95 €'),
(5, 'Ubisoft Montreal', '20-40 horas + multijugador', 'Ubisoft', '22 de noviembre de 2013', 'Acción, Acción y aventura (Histórico y Piratas)', 'Textos en español y voces en español', 'https://cdn02.nintendo-europe.com/media/images/10_share_images/games_15/wiiu_14/SI_WiiU_AssassinsCreedIVBlackFlag_image1600w.jpg', 'Cuarta entrega numerada de la popular saga de acción y aventuras Assassins Creed, que se ambienta en el mundo de los piratas. En el juego asumiremos el rol del capitán Edward Kenway, padre de Haytham Kenway y abuelo de Connor Kenway, protagonista de Assassins Creed III.\r\n\r\n', '1-8 (Competitivo: 2-8 / Cooperativo: 2-4)', 'Assassins Creed 4: Black Flag', 9, '14,99 €'),
(6, 'Moon Studios', '12-15 horas', 'Microsoft', '11 de marzo de 2020', 'Acción, Plataformas, Acción y aventura (Fantasía)', 'Textos en español', 'https://blogs.windows.com/wp-content/uploads/prod/sites/9/2020/03/17374659c9515244b3242d3bb15e9eb8.jpg', 'El siempre estimulante Moon Studios presenta con Ori and the Will of the Wisps una segunda parte para el viaje tan estimulante que supuso la primera parte para PC y Xbox One de 2015. Con la misma intención por reproducir su jugabilidad 2D con acrobacias, combates y rompecabezas, este videojuego Ori and the Will of the Wisps cuenta con los mismos réditos de calidad en cuanto al apartado gráfico gracias a una dirección artística maravillosa y preciosista.', '1 (Competitivo: No / Cooperativo: No)', 'Ori and the Will of the Wisps', 8, '26,95 €'),
(7, 'Arc System Works', '9-10 horas + multijugador incalculable', 'Bandai Namco', '26 de enero de 2018', 'Acción, Lucha (Anime, Manga y TV)', 'Textos en español y voces en inglés y japonés', 'https://cdn02.nintendo-europe.com/media/images/10_share_images/games_15/nintendo_switch_4/H2x1_NSwitch_DragonBallFighterZ.jpg', 'Dragon Ball Fighter Z es un videojuego de combates desarrollado por Arc System Works, autores de las aclamadas series de lucha Guilty Gear y BlazBlue, basado en la popular licencia manga japonesa con personajes de Akira Toriyama. DBFZ combina la vista clásica 2D con un avanzado diseño de personajes en 3D (2.5D), para plantear mecánicas de combate 3 contra 3. Goku, Majin Boo, Vegeta, Gohan y otros muchos personajes no faltan al combate de Dragon Ball FighterZ en diversos escenarios con ataques a toda velocidad o espectaculares técnicas con Ki.', '1-6 (2 local - 6 online) (Competitivo: Sí / Cooperativo: Sí)', 'Dragon Ball Fighter Z', 9, '19,95 €'),
(8, 'Firaxis Games', 'Incalculable', '2K Games', '22 de noviembre de 2019', 'Estrategia, Turnos, Gestión y temáticos (Histórico)', 'Textos en español y voces en español', 'https://i.blogs.es/8bb228/cv/450_1000.jpg', 'Una nueva era para la humanidad y su progreso en el mundo y más allá, en el videojuego Civilization VI. Estrategia por turnos y gestión de tu propio imperio y cultura a lo largo del mundo y la historia, en un videojuego de Firaxis y Sid Meier para PC que cuenta con la presencia de algunos de los líderes políticos más relevantes de distintas naciones como Felipe II de España, Gandhi de la India, Pedro I de Rusia, Moctezuma de los Aztecas o Victoria del Reino Unido entre otros.', '1-4 (Competitivo: Sí, Online)', 'Civilization VI', 9, '22 de noviembre de 2019'),
(9, '343 Industries', '6-7 horas + multijugador (incalculable)', 'Microsoft', '27 de octubre de 2015', 'Acción, Primera persona (FPS), Shooter (Ciencia ficción)', 'Textos en español y voces en español', 'https://www.somosxbox.com/wp-content/uploads/2016/02/Halo-5-Guardians.png?width=1200&enable=upscale', 'Halo 5 es un videojuego de 343 Industries para Xbox One que nos lleva a una nueva aventura con Jefe Maestro al que acompaña Locke en su modo historia. Inclusión de propulsores, mayores movimientos de ejecución y de cámara, apuntado en primera persona y un modo Zona de Guerra híbrido entre multijugador competitivo con ocasional presencia de IA, entre las novedades de este título de acción de la serie Halo exclusivo para el hardware de Microsoft.', '1-24 (Competitivo: 8-24 online / Cooperativo: 2-4 online)', 'Halo 5: Guardians', 9, '14,95 €'),
(10, 'Respawn Entertainment', '15-20 horas', 'EA', '15 de noviembre de 2019', 'Acción, Acción y aventura (Ciencia ficción y Espacial)', 'Textos en español y voces en español', 'https://i.blogs.es/e3864d/starwars/840_560.jpeg', 'Star Wars Jedi: Fallen Order es un videojuego de acción y aventuras ambientado dentro del universo ideado por George Lucas, concretamente entre los episodios tercero y cuarto de la saga cinematográfica, que anima a los jugadores a huir del Imperio y de sus siniestros inquisidores. Comenzamos como un joven padawan a la fuga, con bajas posibilidades de sobrevivir, y poco a poco nos vamos haciendo fuertes en un videojuego que quiere recrear toda la épica del poder de la fuerza.', '1', 'Star Wars Jedi: Fallen Order', 9, '34,95 €');

--
-- Volcado de datos para la tabla 'videojuegos_esperados'
--

INSERT INTO videojuegosesperados (id, desarrollador, duracion, editor, fechasalida, genero, idioma, imagen, informacion, njugadores, nombre, precio) VALUES
(1, 'Naughty Dog', 'Sin información', 'Sony', '19 de junio de 2020', 'Acción, Acción y aventura (Apocalíptico, Monstruos y Terror)', 'Textos y voces en español', 'https://images6.alphacoders.com/788/thumb-350-788051.jpg', 'The Last of Us 2 es un videojuego de acción y aventuras, con elementos de supervivencia, enmarcado en un mundo postapocalíptico donde habitan unos seres infectados. Al igual que la primera parte, esta continuación o Part II de The Last of Us busca hacerse fuerte en mecánicas jugables como la exploración o el combate con un fuerte elemento táctico, no sólo plantando cara a los zombies y criaturas de pesadilla de su mundo de infectados, sino también ofreciendo resistencia a los humanos... Peores en algunos casos que las más infernales de las criaturas.', '1', 'The Last of Us 2', 'Resérvalo por solo 59,95 €'),
(2, 'Sucker Punch', 'Sin información', 'Sony', '17 de julio de 2020', 'Acción, Acción y aventura (Samurais, Ninjas y Japón Feudal)', 'Textos y voces en español', 'https://www.presse-citron.net/wordpress_prod/wp-content/uploads/2020/03/date-sortie-ghost-of-tsushima-ps4.jpg', 'Ghost of Tsushima es un videojuego de acción y aventura en mundo abierto protagonizado por un samurai maltratado, luchando contra probabilidades abrumadoras durante la invasión a Japón del ejército mongol en el año 1274. Desarrollado por Sucker Punch, autores de la serie inFAMOUS, Ghost of Tsushima para PS4 garantiza hacer un buen trato de su narrativa así como las habilidades de tal mítica figura guerrera durante el Japón feudal.', '1', 'Ghost of Tsushima', 'Resérvalo por solo 59,95 €'),
(3, 'Mimimi Productions', 'Sin datos', 'THQ Nordic', '16 de junio de 2020', 'Estrategia, Tiempo real, Turnos (Western)', 'Sin datos', 'https://guides.gamepressure.com/gfx/logos/980x360/980_446688804.jpg', 'La saga Desperados vuelve a la carga con una nueva entrega ambientada en el Lejano Oeste, un Desperados III que está desarrollado por Mimimi Games, creadores de Shadow Tactics: Blades of the Shogun, y nos pone en la piel del veterano cowboy John Cooper. El videojuego aparece en 2019 para PC, PS4 y Xbox One y cuenta con un distintivo estilo visual, y con la habitual jugabilidad táctica de la franquicia.\r\n', 'Sin datos', 'Desperados 3', 'Resérvalo por solo 44,95 €'),
(4, 'UbiSoft', 'Sin información', 'Ubisoft', '4º trimestre de 2020', 'Acción, Acción y aventura, Acción RPG (Medieval, Histórico y Vikingos)', 'Textos en español y voces en español e inglés\r\n', 'https://dlprivateserver.com/wp-content/uploads/2020/04/1588261587_Assassin%E2%80%99s-Creed-Valhalla-First-Screenshots-amp-Art-Show-Protagonista-masculino-780x470.jpg', 'Assassins Creed Valhalla es un videojuego de la saga Assassins Creed donde la acción y aventura de Ubisoft vuelve a trasladarse a otro contexto histórico. En esta ocasión el jugador se pone en el rol de Eivor -si bien también hay protagonista femenino confirmado-, un guerrero vikingo que parte de Noruega en busca de gloria y fortuna en la Inglaterra de los años oscuros saqueando fortalezas y tropas sajonas y haciendo prosperar su asentamiento mientra consolida su poder político.\r\n', 'Sin información', 'Assassins Creed Valhalla', 'Resérvalo por solo 59,95 €'),
(5, 'Codemasters', 'Sin información', 'Codemasters', '10 de julio de 2020', 'Conducción, Fórmula 1', 'Textos en español y voces en español', 'https://www.comunidadxbox.com/wp-content/uploads/2020/04/F1-2020-Game-Release.jpg', 'Regresa a los mandos de los monoplazas con F1 2020, el juego oficial del campeonato de Fórmula 1 con su aclamado modo carrera, el regreso de las partidas en pantalla dividida, y un montón de novedades con su modo Mi Equipo, que permite crear tu propia escudería de F1 y gestionarla por completo a lo largo de las temporadas.', '1-22 (Competitivo: Online)', 'F1 2020', 'Resérvalo por solo 44,95 €'),
(6, 'SEGA', 'Sin información', 'SEGA', '2020 (Por determinar)', 'Acción, Acción y aventura (Mafia y Moderno)', 'Textos en español voces en inglés', 'https://p.ecopetit.cat/wpic/lpic/324-3245810_yakuza-like-a-dragon-news-reviews-videos-yakuza.jpg', 'Cambio de protagonista y también cambio en la acción para la serie Yakuza con Yakuza: Like a Dragon (Yakuza 7), un RPG con combates por turnos que nos pone en la piel de Ichiban Kasuga (un miembro de la yakuza de bajo nivel), quien tras pasar cerca de 20 años en prisión, regresa a Yokohama para descubrir que su jefe ha sido asesinado. A partir de ahí los fans de la serie Yakuza pueden esperar todo aquello que ha hecho grande a esta franquicia de Sega.', '1', 'Yakuza: Like a Dragon', 'Resérvalo por solo 54,95 €'),
(7, 'ZeniMax Online Studios', 'Incalculable', 'Bethesda Softworks', '26 de mayo de 2020', 'Rol, Multijugador Online Masivo (Vampiros, Mazmorras, Magia, Dragones y Fantasía)', 'Textos en inglés\r\n', 'https://media.playstation.com/is/image/SCEA/the-elder-scrolls-online-greymoor-listingthumb-02-ps4-30jan20-en-us?$native_nt$', 'Vuelve a las frías tierras de Skyrim en The Elder Scrolls Online: Greymoor, una nueva expansión de este popular MMORPG sin cuotas que nos propone luchar contra vampiros y otras criaturas sobrenaturales en un gigantesco mundo de fantasía. Esta aventura incluye otras novedades como el sistema de antigüedades, que nos va a convertir en auténticos arqueólogos, así como más mazmorras para grupos y desafíos de mundo que van a requerir del trabajo en equipo para superarse con éxito.', 'Multijugador Masivo (Competitivo: Online / Cooperativo: Online)', 'The Elder Scrolls Online: Greymoor', 'Es expansión de The Elder Scrolls Online'),
(8, 'Hangar 13', '12 horas (+ DLC y extras)', '2K Games', '28 de agosto de 2020', 'Acción, Shooter, Acción y aventura (Mafia, Detectives, Policíaco y Thriller y Romanos)', 'Textos en español y voces en español e inglés', 'https://steamcdn-a.akamaihd.net/steam/apps/1030830/header.jpg?t=1589933058', 'Mafia II: Edición Definitiva es una remasterización de la segunda entrega de la saga del crimen Mafia, que mueve los jugadores en esta ocasión hasta la Nueva York de los años 40 y 50, aquí llamada Empire Bay. El héroe de guerra Vito Scaletta se mezcla con la mafia con la esperanza de pagar las deudas de su padre al mismo tiempo que intenta demostrar su valía para ascender en la familia a base de cometer crímenes cada vez mejor recompensados.', '1', 'Mafia II: Edición Definitiva', '29,99 €'),
(9, 'CD Projekt RED', 'Sin información', 'Bandai Namco', '17 de septiembre de 2020', 'Rol, Acción RPG (Ciencia ficción y Cyberpunk)', 'Textos en español y voces en español', 'https://as.com/meristation/imagenes/2020/02/24/noticias/1582559043_558330_1582559129_noticia_normal.jpg', 'Cyberpunk 2077, que sale a la venta en abril de 2020 para PC, PS4 y Xbox One, es un videojuego RPG de mundo abierto desarrollado por los creadores de The Witcher, CD Projekt Red, que se basa en un clásico juego de tablero llamado Cyberpunk 2020 y que es todo un clásico de los años 80 firmado por Mike Pondsmith. Lo que tendremos con este título de rol es un lanzamiento oscuro, con un argumento maduro y complejo, enormes opciones de juego y un desarrollo de la acción abierto en el que las decisiones del jugador marcan el rumbo de la partida.', 'Sin información', 'Cyberpunk 2077', 'Resérvalo por solo 49,95 €'),
(10, 'Supermassive Games', 'Sin información', 'Bandai Namco', '2º cuarto de 2020', 'Aventura, Aventura interactiva (Paranormal, Misterio y Terror)', 'Textos en español y voces en español', 'https://te-hangarau.com/wp-content/uploads/2020/02/little-Hope-gamers-videojuego-1024x535.jpg', 'Vislumbra terroríficas visiones del pasado, perseguido por los eventos de los juicios por brujería de Andover del Siglo XVII, en The Dark Pictures Anthology: Little Hope, el segundo capítulo de la serie de terror multijugador cooperativo de Supermassive Games y Bandai Namco.\r\n\r\nThe Dark Pictures Anthology: Little Hope propone una historia multijugador en el que cuatro estudiantes y su profesor han de tratar de escapar de apariciones de pesadilla que les persiguen incansablemente a través de una niebla impenetrable. ¿Serán capaces de lograrlo?', '1-5 (Cooperativo: Local (5) / Online (2))', 'The Dark Pictures: Little Hope', 'Sin información');

--
-- Volcado de datos para la tabla 'votopc'
--

INSERT INTO votopc (valorvoto, videojuegopc_id, usuario_id) VALUES
(8, 1, 'admin'),
(5, 3, 'admin'),
(1, 4, 'admin'),
(3, 5, 'admin'),
(4, 6, 'admin'),
(7, 8, 'admin'),
(7, 9, 'admin'),
(1, 1, 'user'),
(6, 2, 'user'),
(8, 3, 'user'),
(9, 4, 'user'),
(4, 5, 'user'),
(9, 6, 'user'),
(3, 7, 'user'),
(8, 8, 'user'),
(10, 9, 'user'),
(4, 10, 'user');

--
-- Volcado de datos para la tabla 'votops4'
--

INSERT INTO votops4 (valorvoto, videojuegops4_id, usuario_id) VALUES
(6, 1, 'admin'),
(8, 2, 'admin'),
(9, 3, 'admin');

--
-- Volcado de datos para la tabla 'votoxone'
--

INSERT INTO votoxone (valorvoto, videojuegoxone_id, usuario_id) VALUES
(5, 1, 'admin'),
(7, 2, 'admin');

